swap_tenor_years,notional,theta_total_per_1_notional,theta_fixed_accrual,theta_float_accrual,theta_residual_roll,theta_total_dollars_1bd
2.0,10000000.0,0.00017100466463589037,0.0001695823817512988,0.03960525459235951,-0.039603832309474916,1710.0466463589037
5.0,25000000.0,0.00018102979080891757,0.0001789827197663861,0.03960525459235951,-0.03960320752131698,4525.744770222939
7.0,15000000.0,0.00017941319251502108,0.00018849206349206348,0.03960525459235951,-0.03961433346333655,2691.1978877253164
